{
  "initial_conditions": {
    "body1": {
      "mass": 5.972e+24,
      "position": [
        0,
        0
      ],
      "velocity": [
        0,
        0
      ]
    },
    "body2": {
      "mass": 7.342e+22,
      "position": [
        384400000.0,
        0
      ],
      "velocity": [
        0,
        1022
      ]
    },
    "total_time": 1200,
    "initial_dt": 300,
    "sample_interval": 1
  },
  "final_positions": {
    "body1": [
      23.877315630316225,
      0.02380589258329625
    ],
    "body2": [
      384398057.813553,
      1226398.0636231203
    ]
  },
  "energy": {
    "initial": -3.778711403096774e+28,
    "final": -3.778711403096803e+28,
    "deviation_percent": 7.681747526285751e-13
  },
  "orbit_geometry": {
    "min_distance": 384399990.3046262,
    "max_distance": 384400000.0,
    "eccentricity": 0.004931522684686017
  },
  "actual_steps": 4,
  "csv_rows": 5,
  "adaptive_trigger_count": 0,
  "min_dt_used": 300,
  "max_dt_used": 300
}