{
  "initial_conditions": {
    "body1": {
      "mass": 5.972e+24,
      "position": [
        0,
        0
      ],
      "velocity": [
        0,
        0
      ]
    },
    "body2": {
      "mass": 7.342e+22,
      "position": [
        384400000.0,
        0
      ],
      "velocity": [
        0,
        800
      ]
    },
    "total_time": 1200,
    "initial_dt": 60,
    "sample_interval": 5
  },
  "final_positions": {
    "body1": [
      23.87733789836913,
      0.01982740624463568
    ],
    "body2": [
      384398057.8117417,
      959998.3872341311
    ]
  },
  "energy": {
    "initial": -5.263572167096774e+28,
    "final": -5.263572167096756e+28,
    "deviation_percent": 3.5093648876149593e-13
  },
  "orbit_geometry": {
    "min_distance": 384399232.6858893,
    "max_distance": 384400000.0,
    "eccentricity": 0.39027900333414134
  },
  "actual_steps": 20,
  "csv_rows": 5,
  "adaptive_trigger_count": 0,
  "min_dt_used": 60,
  "max_dt_used": 60
}