{
  "initial_conditions": {
    "body1": {
      "mass": 5.972e+24,
      "position": [
        0.0,
        0.0
      ],
      "velocity": [
        0.0,
        0.0
      ]
    },
    "body2": {
      "mass": 7.342e+22,
      "position": [
        384400000.0,
        0.0
      ],
      "velocity": [
        0.0,
        1022.0
      ]
    },
    "total_time": 2360000.0,
    "initial_dt": 600.0
  },
  "final_positions": {
    "body1": [
      6831.102858273114,
      29045251.393362734
    ],
    "body2": [
      383844356.49319786,
      49781247.273733124
    ]
  },
  "energy": {
    "initial": -3.778711403096774e+28,
    "final": -3.7787114031314046e+28,
    "deviation_percent": 9.164673969201005e-10
  },
  "actual_steps": 3934
}