{
  "initial_conditions": {
    "body1": {
      "mass": 5.972e+24,
      "position": [
        0,
        0
      ],
      "velocity": [
        0,
        0
      ]
    },
    "body2": {
      "mass": 7.342e+22,
      "position": [
        384400000.0,
        0
      ],
      "velocity": [
        0,
        1022
      ]
    },
    "total_time": 1200,
    "initial_dt": 60,
    "sample_interval": 5
  },
  "final_positions": {
    "body1": [
      23.87731442715624,
      0.025329466622421602
    ],
    "body2": [
      384398057.8136507,
      1226397.939695251
    ]
  },
  "energy": {
    "initial": -3.778711403096774e+28,
    "final": -3.7787114030967752e+28,
    "deviation_percent": 3.4917034210389773e-14
  },
  "orbit_geometry": {
    "min_distance": 384399990.3043249,
    "max_distance": 384400000.0,
    "eccentricity": 0.004931522685070531
  },
  "actual_steps": 20,
  "csv_rows": 5,
  "adaptive_trigger_count": 0,
  "min_dt_used": 60,
  "max_dt_used": 60
}