{
  "initial_conditions": {
    "body1": {
      "mass": 5.972e+24,
      "position": [
        0,
        0
      ],
      "velocity": [
        0,
        0
      ]
    },
    "body2": {
      "mass": 7.342e+22,
      "position": [
        384400000.0,
        0
      ],
      "velocity": [
        0,
        1022
      ]
    },
    "total_time": 1200,
    "initial_dt": 10,
    "sample_interval": 10
  },
  "final_positions": {
    "body1": [
      23.877314378417154,
      0.025391185470348625
    ],
    "body2": [
      384398057.81365484,
      1226397.934675026
    ]
  },
  "energy": {
    "initial": -3.778711403096774e+28,
    "final": -3.7787114030967655e+28,
    "deviation_percent": 2.211412166658019e-13
  },
  "orbit_geometry": {
    "min_distance": 384399990.3043129,
    "max_distance": 384400000.0,
    "eccentricity": 0.004931522685085367
  },
  "actual_steps": 120,
  "csv_rows": 13,
  "adaptive_trigger_count": 0,
  "min_dt_used": 10,
  "max_dt_used": 10
}